Activity,Total energy ,Electronic energy ,Heat of formation ,HOMO eigenvalue ,LUMO eigenvalue ,Molecular surface area ,Total dipole ,Dipole x ,Dipole y ,Mean polarizability ,Total molecular mass ,Atom count ,Element count ,Rotatable bonds ,Hydrogen bond acceptor ,AlogP ,AlogP98 ,Molecular refractivity ,Molecular flexibility ,Balaban index JX ,Balaban index JY ,Wiener index ,Zagreb index ,Kappa-1 ,Kappa-2 ,Kappa-3 ,Kappa-1 (alpha modified) ,Kappa-2 (alpha modified) ,Kappa-3 (alpha modified) ,Subgraph counts (0): path ,Subgraph counts (1): path ,Subgraph counts (2): path ,Subgraph counts (3): path ,Subgraph counts (3): cluster ,Chi (0) ,Chi (1) ,Chi (2) ,Chi (3): path ,Chi (3): cluster ,Chi (0),Chi (1),Chi (2)-1,Chi (3): path,Chi (3): cluster-1,Edge adjacency/magnitude ,Edge distance/magnitude ,Vertex adjacency/equality ,Vertex adjacency/magnitude ,Vertex distance/equality ,Vertex distance/magnitude ,Atomic composition (total) ,E-state keys (sums): S_sCH3 ,E-state keys (sums): S_ssCH2 ,E-state keys (sums): S_aaCH ,E-state keys (sums): S_dssC ,E-state keys (sums): S_aasC ,E-state keys (sums): S_dO ,Molecular area,Molecular volume,Molecular density ,Radius of gyration ,Ellipsoidal volume ,Shadow area: XY plane ,Shadow area: YZ plane ,Shadow area: ZX plane ,Shadow area fraction: XY plane ,Shadow area fraction: YZ plane ,Shadow area fraction: ZX plane ,Shadow length: LX ,Shadow length: LY ,Shadow length: LZ ,Shadow ratio ,Connolly surface area ,Connolly surface occupied volume ,Solvent surface area,Solvent surface occupied volume,Total energy ,Valence energy (diag. terms) ,Bond energy ,Angle energy ,Torsion energy ,Inversion energy 
1.32634,-5244.7,-42446.4,517.1,-7.78,-2.05,508.06,3.127,1.815,-1.321,55.1492,501.48,54,24,10,4,4.328,4.688,124.902,7.562,1.808,1.85,3001,156,25.62,12.459,6.992,22.67,10.34,5.574,31,33,45,58,10,22.38,14.901,13.237,10.583,2.018,19.935,13.462,10.42,7.365,1.115,584.27,10649.1,346.9,398.9,3756.6,9227.6,92.683,3.656,2.448,11.432,2.911,3.701,24.16,506.22,429.79,1.167,4.702,971.63,119.61,61.51,87.96,0.6484,0.6052,0.574,16.6769,11.0615,9.1888,1.8149,423.97,461.16,692.71,1256.07,619.89,573.82,480.67,80.205,10.302,2.64
1.21219,-4040.2,-28583,410.69,-7.65,-1.14,404.94,5.879,0.395,-5.655,40.7648,389.33,43,19,9,3,3.605,4.209,99.94,6.505,1.99,2.033,1591,114,20.314,10.871,6.353,17.68,8.83,4.915,24,25,32,40,6,17.364,11.63,9.652,7.936,1.133,15.172,9.834,7.257,5.063,0.51,384,5585.4,245.2,282.2,2178.1,5085.7,69.908,1.836,2.264,13.539,-0.052,2.796,12.195,403.25,336.37,1.157,4.148,747.28,83.05,60.26,82.76,0.4834,0.6332,0.7368,14.2402,12.0649,7.8882,1.8052,345.66,357.78,593.99,1026.03,466.16,421.15,404.75,11.953,4.315,0.129
1.42325,-3788.7,-29514.6,481.53,-7.81,-1.34,388.59,0.778,-0.674,-0.273,43.0093,386.36,45,19,9,2,3.472,4.339,104.032,6.387,2.037,2.079,1507,114,20.314,10.871,6.353,17.552,8.733,4.848,24,25,32,40,6,17.364,11.63,9.652,7.943,1.133,15.64,9.913,7.313,5.124,0.537,384,5608,245.2,282.2,2105.2,5102.6,69.429,4.138,2.304,13.603,-0.09,4.814,12.429,385.43,340.08,1.136,3.868,608.96,91.31,53.25,72.72,0.6726,0.6655,0.6383,13.9027,9.7652,8.194,1.6967,328.12,362.77,557.35,990.44,510.82,411.44,394.74,8.618,8.006,0.074
1.69548,-5345.7,-45436.6,28.81,-7.76,-0.97,470.81,8.009,-5.88,2.896,47.6756,502.86,53,23,11,5,2.084,3.614,123.955,7.454,1.834,1.9,2854,156,25.62,12.459,6.533,22.543,10.251,5.134,31,33,45,60,10,22.38,14.956,12.938,10.854,1.852,19.744,12.163,9.196,6.54,0.851,584.27,10662.1,346.9,398.9,3664.2,9241.9,91.921,3.659,2.846,12.744,1.117,2.827,26.024,470.71,395.61,1.271,4.155,946.7,100.15,64.3,83.13,0.5595,0.6655,0.6562,15.3183,11.6844,8.2702,1.8522,385.25,424.75,640.65,1155.43,84.72,87.97,10.33,61.581,15.664,0.396
1.48287,-4014.5,-30835.5,485.32,-7.7,-1.3,418.67,4.866,-2.321,1.783,43.5698,399.35,45,20,10,3,3.002,3.718,105.163,6.912,1.973,2.009,1752,118,21.302,11.658,6.91,18.409,9.386,5.287,25,26,33,41,6,18.071,12.13,9.983,8.296,1.121,15.78,10.183,7.472,5.17,0.517,398.93,6128.8,258.3,296.4,2365.6,5600.8,70.256,1.834,2.243,16.349,-0.109,2.039,24.81,417.42,350.67,1.139,3.802,782.26,80.35,68.65,82.47,0.5369,0.6169,0.6724,12.8426,11.6538,9.55,1.3448,348.14,382.81,573.26,1038.51,1044.3,478.33,456.8,14.137,7.154,0.24
1.35411,-3762.8,-25295.7,373.92,-7.41,-1.08,407.24,8.856,7.148,-1.298,39.9153,375.33,43,18,9,3,2.53,4.853,97.501,6.131,2.028,2.075,1414,110,19.326,10.096,5.786,16.981,8.305,4.542,23,24,31,39,6,16.656,11.151,9.22,7.744,1.132,15.048,9.585,7.124,5.056,0.534,369.16,5079.4,232.2,268.1,1981.4,4603.4,67.832,3.991,2.575,0,0.241,0,12.346,408.29,330.04,1.137,4.885,823.42,89.23,46.67,95.85,0.5024,0.6358,0.5935,19.7677,8.9852,8.1701,2.4195,360.77,348.5,633.18,1052.95,477.89,441.4,432.09,8.618,0.686,0.015
1.38917,-4451.5,-36646.8,348.5,-7.55,-1.09,457.43,2.591,0.862,-1.672,46.9985,432.43,54,21,10,3,1.432,3.794,112.285,6.178,1.751,1.803,1931,138,21.703,10.156,4.776,19.442,8.579,3.863,27,29,40,56,10,19.278,13.147,11.053,9.643,1.591,17.774,11.761,8.783,6.727,0.831,505.75,7904,292.1,339.8,2679.2,6708.2,83.388,4.366,6.891,2.228,1.579,2.778,12.638,457.22,385.97,1.12,4.678,1003.27,113.44,49.6,78.62,0.7337,0.6302,0.57,16.4624,9.3929,8.3787,1.9648,382.25,413.03,639.97,1138.58,514.93,445.95,384.3,58.725,2.686,0.235
1.7839,-3374.1,-24337.9,291.25,-7.64,-1.12,398.85,4.344,2.918,-3.153,37.5971,351.35,45,17,10,2,3.371,3.964,93.379,7.531,2.399,2.434,1162,94,19.048,10.68,7.705,17.232,9.178,6.442,21,21,26,29,5,15.665,10.041,8.45,6.1,1.207,14.769,9.485,7.491,4.609,0.826,296.42,3714.7,200.1,226.5,1643.6,3719.1,65.607,6.348,3.529,8.352,0.066,2.376,12.068,397.38,321.8,1.092,4.297,773.14,90.19,52.94,74.15,0.5924,0.584,0.5915,14.5098,10.4921,8.6388,1.6796,339.33,344.48,584.26,1002.41,334.7,323.24,309.17,12.094,1.941,0.032
1.71684,-3359.9,-21355.3,340.37,-7.64,-1.4,320.41,7.294,-5.872,-0.84,31.1305,325.23,33,13,9,4,0.785,1.584,76.596,6.267,2.462,2.568,824,84,17.053,9.834,6.817,14.869,8.008,5.319,19,19,23,26,4,14.088,9.147,7.518,5.236,0.947,12.224,7.782,5.484,3.463,0.265,254.08,2946.5,175.3,199.4,1256.7,2949.1,58.301,1.29,2.098,6.59,-0.738,0.595,22.855,318.12,265.55,1.225,3.466,496.98,73.6,46.69,56.91,0.6755,0.6547,0.6201,11.8399,9.2017,7.7509,1.5276,266.53,284.39,471.04,805.65,416.6,415.44,389.25,11.965,13.852,0.368
1.51587,-6498.8,-51557.3,238.09,-8.04,-2.03,534.55,4.214,1.209,1.243,53.1396,544.46,56,24,9,6,5.966,6.792,125.512,7.917,1.718,1.775,3645,170,27.585,12.301,8,24.923,10.482,6.646,33,35,50,60,14,24.173,15.548,15.194,10.906,3.579,20.622,13.805,11.362,7.88,1.597,664.39,12178,374.8,429,4357.7,10648.1,101.131,3.534,0.595,11.061,2.376,3.388,24.122,532.71,444.29,1.225,4.698,1035.54,109.18,66.41,102.35,0.6118,0.6445,0.6692,16.2759,10.9654,9.3971,1.732,431.33,481.53,707.19,1291.27,526.62,458.4,362.89,80.327,12.386,2.797
1.60746,-5294.5,-36350.8,128.35,-8.1,-1.51,423.61,3.826,2.259,-0.947,39.5829,432.32,45,19,8,5,5.243,6.141,100.549,6.774,1.852,1.918,2027,128,22.291,10.519,7.51,19.948,8.829,6.146,26,27,37,42,10,19.156,12.277,11.609,8.259,2.694,15.859,10.178,8.199,5.578,0.991,459.5,6672.9,271.6,310.8,2622.5,6123.3,77.712,1.645,0.496,13.75,-0.323,1.317,12.119,422.92,350.71,1.233,4.228,830.2,98.39,55.09,78.9,0.5758,0.6915,0.7302,15.2236,11.2248,7.0977,2.1449,351.78,377.62,588.55,1045.75,311.69,288.09,276.25,9.811,2.004,0.02
1.58995,-5057.1,-38336.8,-126.79,-7.88,-1.04,401.53,4.284,2.254,2.941,37.3713,429.34,47,19,8,4,5.111,6.443,104.641,6.661,1.93,1.997,1923,128,22.291,10.519,7.51,19.82,8.738,6.073,26,27,37,42,10,19.156,12.277,11.609,8.266,2.694,16.326,10.257,8.255,5.639,1.018,459.5,6696.6,271.6,310.8,2539.6,6141.2,81.362,4.018,0.617,12.992,-0.294,4.284,12.399,399.66,334.43,1.284,3.765,609.55,87.67,56.33,63.13,0.6953,0.6797,0.61,12.5485,10.0484,8.2473,1.5215,316.26,360.73,537.19,963.9,109.44,38.75,7.05,14.073,15.733,1.888
1.41162,-6577.8,-53290.9,258.48,-8.22,-1.75,504.61,9.082,7.404,-5.176,52.0567,545.85,55,23,10,7,3.723,5.718,124.564,7.812,1.742,1.821,3480,170,27.585,12.301,7.492,24.796,10.397,6.146,33,35,50,62,14,24.173,15.602,14.895,11.177,3.413,20.431,12.506,10.139,7.055,1.333,664.39,12189.5,374.8,429,4264.2,10661.7,104.316,3.517,0.993,12.309,0.727,2.545,25.981,503.43,435.82,1.252,4.174,963.62,113.08,70.89,81.6,0.6707,0.5876,0.5719,14.1203,11.9409,10.1042,1.3975,411.14,466.24,663.5,1230.22,548.29,479.93,412.12,56.453,10.882,0.47
1.68485,-5268.4,-37960.6,211.02,-8.21,-1.6,434.39,10.086,-0.102,-4.847,41.78,442.34,47,20,9,5,4.641,5.822,105.772,7.16,1.875,1.934,2214,132,23.281,11.253,8.1,20.679,9.348,6.549,27,28,38,43,10,19.864,12.777,11.94,8.62,2.681,16.467,10.526,8.415,5.685,0.999,474.84,7270.1,284.9,325.2,2832.5,6691.8,81.434,1.709,0.556,15.728,-0.391,1.748,24.767,434.9,364.53,1.213,3.977,708.4,105.11,57.36,69.32,0.7168,0.6858,0.661,13.5584,10.8144,7.7349,1.7529,358.16,391.34,587.41,1061.05,937.46,355.23,341.93,9.305,3.856,0.134
1.57054,-5017.1,-32750.7,90.85,-8.01,-1.54,420.05,2.131,0.369,2.098,38.6922,418.32,45,18,8,5,4.169,6.957,98.11,6.419,1.901,1.972,1818,124,21.302,9.796,6.91,19.247,8.338,5.742,25,26,36,41,10,18.449,11.798,11.177,8.067,2.693,15.734,9.928,8.066,5.572,1.016,444.23,6113.7,258.3,296.4,2405.3,5588.4,78.881,3.823,0.888,0,0.037,0,12.317,417.92,343.73,1.217,4.826,908.21,101.61,48.92,79.95,0.6855,0.6411,0.504,17.5544,8.4436,9.0373,2.079,360.14,366.82,621.7,1061.86,362.62,326.33,313.81,10.904,1.417,0.195
1.42813,-5705.5,-44065.5,72.6,-7.44,-1.6,480.14,2.564,0.288,1.501,45.5138,475.41,56,21,9,5,4.099,5.987,113.229,6.562,1.66,1.727,2429,152,23.659,10.08,5.627,21.683,8.776,4.767,29,31,45,58,14,21.071,13.794,13.01,9.967,3.152,18.461,12.104,9.726,7.242,1.313,584.27,9205.3,319.3,369.2,3183.4,7905.6,95.836,4.381,5.525,2.238,-0.016,2.922,12.674,479.9,399.11,1.191,4.671,1019.12,103.51,57.03,98.12,0.5642,0.593,0.6372,17.1391,10.7046,8.9842,1.9077,401.82,430.07,667.66,1190.36,457.32,346.78,282.83,61.373,2.503,0.069
1.83822,-4628.1,-32379,15.92,-8.22,-1.65,413.19,5.914,2.299,-0.993,36.1815,394.34,47,17,9,4,5.01,6.068,93.988,7.592,2.305,2.38,1514,108,21.043,10.096,9.157,19.527,8.942,8.048,23,23,31,31,9,17.458,10.687,10.407,6.424,2.768,15.456,9.828,8.433,5.124,1.307,369.16,4593.3,225.5,254.1,2018.7,4600.3,76.785,6.126,1.772,7.972,-0.138,2.167,12.038,413.71,334.45,1.179,3.805,705.67,88.55,54.56,64.66,0.6648,0.723,0.6844,12.9134,10.3149,7.3164,1.765,324.69,364.09,545.8,979.58,229.84,203.14,191.8,8.607,2.66,0.071
1.86034,-4613.9,-27263.7,64.65,-7.81,-1.59,337.34,9.139,-8.591,-1.092,29.8315,368.21,35,13,8,6,2.423,3.688,77.205,6.356,2.342,2.483,1106,98,19.048,9.209,8.265,17.162,7.777,6.894,21,21,28,28,8,15.88,9.794,9.475,5.559,2.507,12.911,8.125,6.427,3.978,0.747,325.21,3723.5,200.1,226.5,1579,3728.9,68.606,1.216,0.411,6.173,-1.033,0.302,22.81,335.17,280.12,1.314,3.638,613.02,78.91,45.06,68.01,0.6088,0.6184,0.576,14.4925,8.9434,8.1469,1.7789,287.01,296.03,505.46,855.8,293.07,295.27,275.42,7.545,12.281,0.027
1.23553,-4295.5,-29825.8,363.33,-7.84,-1.33,415.96,6.028,1.278,-0.336,42.1629,404.34,45,20,10,4,4.419,5.102,102.565,7.307,1.896,1.947,1838,118,21.302,11.658,7.26,18.823,9.705,5.808,25,26,33,40,6,18.071,12.113,10.133,7.911,1.229,15.788,10.197,7.57,5.143,0.569,398.93,6113.9,258.3,296.4,2422,5588.7,72.256,1.953,2.196,13.67,-0.241,2.952,11.891,416.05,349.46,1.157,4.864,858.35,98.93,47.64,91.37,0.6851,0.6696,0.5935,17.6771,8.1685,8.7096,2.164,362.42,370.23,624.79,1068.09,436.47,410.04,393.37,13.612,2.633,0.43
1.49415,-3628.4,-27236.6,269.03,-8.12,-1.62,403,8.121,5.613,3.59,38.5947,366.36,47,18,11,3,4.185,4.857,96.004,8.468,2.305,2.353,1361,98,20.045,11.523,9.037,18.389,10.131,7.803,22,22,27,29,5,16.372,10.524,8.931,6.076,1.303,15.385,9.847,7.804,4.689,0.885,310.76,4140.3,212.7,240.2,1849.9,4145.1,67.911,6.478,3.567,8.54,-0.15,2.519,11.79,403.17,332.23,1.103,4.038,680.65,88.6,52.91,73.95,0.6086,0.6588,0.6455,14.4087,10.1023,7.9499,1.8124,332.13,361.36,559.73,994.68,410.44,313.82,296.74,13.199,3.836,0.039
1.6464,-5579.9,-43473.4,469.17,-7.91,-1.53,523.85,5.508,-3.343,2.4,53.9627,517.87,55,24,12,6,3.13,4.718,126.606,8.179,1.761,1.829,3210,160,26.602,13.185,7.014,23.678,11.053,5.643,32,34,46,61,10,23.087,15.456,13.28,11.172,1.852,20.36,12.552,9.39,6.69,0.838,600.17,11407,360.8,413.9,3996.1,9933.4,93.894,3.703,3.152,12.846,0.946,2.901,25.655,524.76,439.46,1.178,5.199,2807.72,135.35,59.74,90.78,0.545,0.5385,0.549,19.2386,12.9101,8.5942,2.2386,450.98,463.93,748.47,1316.14,620.88,584.26,515.24,58.256,10.416,0.349
1.47129,-4044.2,-30978.6,430.23,-7.6,-1.46,416.81,2.409,0.484,1.948,44.0094,401.37,47,20,10,3,4.054,5.021,106.632,7.184,1.944,1.994,1744,118,21.302,11.658,7.26,18.695,9.606,5.736,25,26,33,40,6,18.071,12.113,10.111,8.053,1.217,16.255,10.26,7.565,5.249,0.575,398.93,6136.7,258.3,296.4,2348.5,5605.8,72.52,4.161,2.19,13.919,-0.236,5.287,12.061,415.98,355.27,1.13,4.21,916.27,110.63,59.81,62.19,0.6596,0.6671,0.6497,13.3824,12.5334,7.1534,1.8708,360.85,376.78,600,1058.13,536.45,443.1,424.92,11.177,6.905,0.094
1.48287,-4706.4,-40217,311.36,-7.61,-1.28,465.71,4.062,-2.107,1.738,47.8676,447.44,56,22,11,4,2.334,4.763,115.09,6.876,1.667,1.722,2215,142,22.68,10.858,5.202,20.571,9.358,4.316,28,30,41,57,10,19.985,13.647,11.388,10.023,1.591,18.389,12.15,8.977,6.922,0.818,521.32,8536.1,305.6,354.4,2961.9,7289,85.744,4.407,7.329,2.237,1.421,2.813,12.247,464.44,397.34,1.126,4.452,1248.57,110.26,56.88,81.84,0.7495,0.7597,0.6311,15.9633,9.2162,8.1232,1.9651,388.07,426.98,642.38,1158.12,559.48,439.21,372.24,62.695,3.601,0.673
1.39094,-5284.6,-36009.6,-237.93,-8.14,-1.2,406.86,1.652,-0.467,1.161,37.119,433.33,47,19,9,6,4.983,7.85,100.735,7.172,1.812,1.889,2091,128,22.291,10.519,7.881,20.393,9.144,6.729,26,27,37,41,10,19.156,12.281,11.659,8.042,2.789,16.35,10.291,8.379,5.651,1.076,459.5,6668.6,271.6,310.8,2662.3,6117.7,78.607,3.97,0.878,0,-0.258,0,11.961,402.89,333.87,1.298,4.884,791.3,99.5,44.94,83.54,0.6104,0.6994,0.6729,17.7472,9.1852,6.996,2.5368,347.42,355.19,604.51,1029.29,84.81,43.27,21.1,18.627,3.535,0.007
1.71181,-5302.4,-36123.3,305.57,-7.77,-1.22,434.27,6.038,-2.321,5.554,41.0381,441.31,44,19,10,6,4.003,4.991,102.523,7.381,1.939,2.026,2168,130,23.281,11.87,8.49,20.462,9.739,6.756,27,28,37,42,9,19.7,12.897,11.68,8.216,2.336,15.966,10.154,7.397,4.844,0.534,459.5,7285.6,284.9,325.2,2804.8,6701.1,81.263,0,1.63,11.762,-0.419,0.704,11.977,433.63,357.11,1.236,4.148,927.13,95.97,68.15,82.65,0.5594,0.6644,0.6591,14.4825,11.8463,8.6587,1.6726,368.76,382,629.17,1093.14,697.73,452.7,437.43,9.829,5.414,0.029
1.65992,-5499.9,-42128.8,470.78,-8.03,-1.95,538.5,8.754,2.767,-5.741,55.885,516.49,56,25,11,5,5.374,5.792,127.554,8.291,1.736,1.782,3366,160,26.602,13.185,7.498,23.806,11.144,6.114,32,34,46,59,10,23.087,15.401,13.579,10.901,2.018,20.55,13.851,10.613,7.515,1.102,600.17,11395.8,360.8,413.9,4087.3,9920.2,94.321,3.693,2.653,11.52,2.939,3.815,23.831,537.54,446.08,1.158,5.63,1708.52,137.34,55.88,95.03,0.5493,0.6173,0.6333,20.3563,12.2818,7.3714,2.7615,460.02,473.85,765.54,1342.06,630.55,574.92,470.57,87.826,13.713,2.811
1.75664,-4270.2,-28948.9,428.28,-7.83,-1.35,446.09,5.62,-0.112,-3.292,43.9181,414.36,47,21,11,4,3.817,4.611,107.788,7.726,1.889,1.931,2014,122,22.291,12.457,7.881,19.553,10.273,6.239,26,27,34,41,6,18.778,12.613,10.465,8.272,1.217,16.395,10.545,7.785,5.25,0.577,413.95,6683.8,271.6,310.8,2621.6,6130.1,71.833,1.951,2.165,16.561,-0.275,2.208,24.509,442.14,365.75,1.133,5.628,1346.57,97.92,57.64,106.85,0.4306,0.5933,0.5857,20.6635,11.0046,8.8286,2.3405,406.12,380.72,716.59,1174.65,821.55,460.39,445.81,8.896,5.596,0.087
1.43616,-3615,-23883.8,296.93,-8.06,-1.55,334.57,8.847,-2.657,7.587,31.7451,340.24,35,14,10,5,1.367,2.266,79.195,7.185,2.346,2.461,984,88,18.05,10.688,8.148,16.026,8.967,6.645,20,20,24,26,4,14.795,9.63,7.978,5.346,1.03,12.839,8.128,5.737,3.584,0.303,268.08,3321.4,187.6,212.9,1437.7,3324.5,59.619,1.312,1.858,6.861,-0.793,0.999,22.621,334.44,279.72,1.216,3.325,523.19,74.04,52.17,57.56,0.6177,0.5862,0.6002,11.366,10.5467,8.4374,1.3471,274.79,298.29,482.78,833.54,362.4,400.27,377.26,10.694,12.284,0.032
1.86629,-5549.7,-36992.8,84.32,-7.98,-1.67,429.68,3.103,-0.237,0.589,40.7576,447.33,47,20,9,6,6.058,7.205,103.174,7.536,1.798,1.871,2320,132,23.281,11.253,8.49,21.094,9.646,7.134,27,28,38,42,10,19.864,12.76,12.091,8.234,2.79,16.474,10.54,8.512,5.658,1.051,474.84,7254.6,284.9,325.2,2893,6679,78.189,1.849,0.343,13.284,-0.445,2.717,11.861,428.33,363.34,1.231,4.867,899.37,96.62,49.56,98.52,0.596,0.6581,0.6044,18.7314,8.6553,8.7018,2.1641,369.1,383.84,633.55,1093.76,339.16,296.37,280.11,14.561,1.68,0.019
1.68574,-4882.6,-35326,-12.2,-8.55,-1.94,407.03,7.263,4.505,-3.457,37.4892,409.35,49,18,10,5,5.824,6.961,96.613,8.463,2.223,2.309,1753,112,22.042,10.871,10.576,20.684,9.82,9.524,24,24,32,31,9,18.165,11.171,10.889,6.399,2.864,16.071,10.19,8.746,5.204,1.367,384,5070.4,238.4,268.1,2250.3,5077.8,77.211,6.288,1.654,8.218,-0.353,2.343,11.76,406.38,345.29,1.186,4.006,761.39,92.04,55.04,71.2,0.6328,0.6897,0.6842,13.772,10.5613,7.5563,1.8226,333.82,371.5,559.82,1005.29,321.36,196.71,182.24,10.55,3.814,0.104
1.56348,-6833.8,-51758,194.5,-8.22,-1.66,540.33,3.533,-2.802,1.541,53.0222,560.86,57,24,11,8,4.769,6.821,127.215,8.515,1.673,1.754,3896,174,28.569,12.992,7.998,25.934,11.164,6.691,34,36,51,63,14,24.88,16.102,15.237,11.496,3.413,21.046,12.895,10.333,7.205,1.319,680.59,12989.5,388.9,444.2,4625.6,11408,105.639,3.58,1.165,12.466,0.584,2.656,25.614,539.31,452.96,1.238,5.245,2826.96,142.93,61.58,87.26,0.5683,0.6368,0.6213,19.1101,13.1602,7.3488,2.6004,459.66,482.95,757.06,1345.29,558.02,503.18,442.11,53.372,7.484,0.214
1.36736,-5298.4,-36928,147.56,-7.73,-1.66,444.64,1.598,-0.869,0.485,42.3155,444.35,49,20,9,5,5.693,7.125,107.241,7.419,1.847,1.92,2206,132,23.281,11.253,8.49,20.966,9.554,7.057,27,28,38,42,10,19.864,12.76,12.069,8.376,2.777,16.942,10.603,8.508,5.764,1.056,474.84,7278.2,284.9,325.2,2808.8,6696.9,83.82,4.056,0.337,13.398,-0.44,4.843,12.031,443.77,370.44,1.2,4.855,1108.86,116.4,50.71,74.56,0.5853,0.611,0.6429,16.6695,11.9302,6.9579,2.3958,384.39,393.54,650.6,1128.42,390.31,292.38,268.1,16.041,7.978,0.26
1.617,-5960.8,-47895.6,25.75,-7.76,-1.24,472.58,5.104,3.827,-3.357,46.8234,490.42,58,22,10,6,3.972,6.867,115.699,7.239,1.57,1.64,2765,156,24.639,10.745,6.081,22.817,9.518,5.261,30,32,46,59,14,21.778,14.294,13.345,10.347,3.152,19.076,12.493,9.92,7.437,1.3,600.17,9892,333.1,384,3493.1,8540.3,97.54,4.289,5.046,2.188,1.126,2.687,12.217,472.82,409.97,1.196,4.457,1088.32,109.09,64.32,88.22,0.6195,0.5913,0.5531,16.0684,10.9581,9.927,1.6187,399.9,437.68,662.31,1191.3,448.64,317.74,257.79,55.735,4.191,0.029
1.5682,-4018,-29556,331.02,-7.38,-0.94,414.02,2.884,-2.318,-1.31,41.3583,390.34,45,19,10,4,3.345,5.746,100.126,6.923,1.922,1.976,1643,114,20.314,10.871,6.682,18.123,9.167,5.432,24,25,32,39,6,17.364,11.635,9.702,7.719,1.229,15.663,9.947,7.437,5.136,0.594,384,5581.4,245.2,282.2,2212.4,5080.3,69.429,4.112,2.731,0,-0.054,0,11.991,410.57,342.97,1.138,4.271,841.59,85.67,59.88,80.72,0.528,0.6397,0.6245,14.967,10.8406,8.6357,1.7331,341.71,369.23,582.53,1025.48,456.2,436.71,420.36,12.73,3.607,0.01
1.83632,-6555.9,-46349.1,40.24,-7.97,-1.56,432.92,3.173,1.782,2.605,39.9918,484.3,46,19,9,8,5.641,7.745,103.132,7.664,1.861,1.966,2698,144,25.262,11.571,9.777,22.736,9.776,8.146,29,30,42,44,13,21.493,13.544,13.637,8.539,3.897,16.653,10.497,8.339,5.359,1.016,536.95,8535.8,311.9,354.4,3310.8,7900.1,86.377,0,-0.223,8.445,-0.622,0.327,11.947,432.46,367.38,1.318,3.981,881.7,92.27,59.47,85.49,0.55,0.614,0.6531,15.0573,11.1407,8.6932,1.7321,353.62,398.45,590.47,1069.57,365.62,315.18,292.7,11.822,10.538,0.118
1.65225,-6754.2,-50285.8,188.03,-8.04,-1.95,556.87,7.104,2.189,-5.754,54.6372,559.48,58,25,10,7,7.013,7.896,128.163,8.624,1.651,1.711,4070,174,28.569,12.992,8.531,26.062,11.25,7.222,34,36,51,61,14,24.88,16.048,15.536,11.224,3.579,21.237,14.194,11.556,8.03,1.584,680.59,12979.8,388.9,444.2,4718.7,11395.6,100.873,3.587,0.666,11.196,2.457,3.546,23.794,553.19,459.56,1.217,5.658,1821.25,142.44,58.16,94.2,0.5599,0.6119,0.6115,20.3064,12.528,7.5868,2.6765,465.06,488.43,768.72,1365.83,509.86,456.15,353.23,87.741,12.501,2.684
1.82151,-5524.3,-36544,149.99,-8.12,-1.5,452.48,8.962,5.696,-1.242,43.009,457.35,49,21,10,6,5.455,6.714,108.397,7.933,1.8,1.865,2524,136,24.271,12,9.14,21.826,10.178,7.594,28,29,39,43,10,20.571,13.26,12.422,8.595,2.777,17.082,10.889,8.727,5.765,1.059,490.26,7878.7,298.4,339.8,3115.2,7274.3,81.134,1.847,0.312,16.025,-0.546,1.963,24.467,449.83,377.4,1.212,5.229,1666.13,115.96,59.64,83.08,0.5524,0.6892,0.6377,17.7765,11.8086,7.3287,2.4256,406.59,395.12,704.55,1182.17,741.46,346.31,331.56,8.083,6.573,0.092
1.51055,-4726.3,-28715.9,-274.81,-8.2,-1.27,315.5,1.835,-1.197,-0.308,26.825,369.2,34,13,8,7,3.073,4.335,75.255,6.513,2.326,2.489,1106,98,19.048,9.209,8.265,17.322,7.896,7.008,21,21,28,28,8,15.88,9.794,9.475,5.559,2.507,12.819,8.014,6.307,3.869,0.738,325.21,3723.5,200.1,226.5,1579,3728.9,64.007,1.196,-0.012,6.002,-1.311,0.128,22.679,314.99,258.62,1.428,3.606,636.12,75.47,46.58,53.98,0.6417,0.6443,0.6153,11.9463,9.845,7.3435,1.6268,273.66,272.73,492.03,815.01,20.43,43.98,10.42,21.737,11.811,0.009
1.23553,-3912.5,-28404.9,333.63,-7.55,-1.42,448.29,6.886,5.68,1.066,44.6467,401.41,51,21,9,1,4.461,3.834,114.526,6.933,1.864,1.899,1856,120,21.302,10.983,7.26,18.912,9.165,5.858,25,26,34,40,7,18.234,11.99,10.5,8.031,1.615,16.795,9.639,7.233,4.41,1.027,413.95,6116.3,258.3,296.4,2430,5587.3,72.844,6.379,1.608,16.412,0.051,4.475,12.416,448.04,370.89,1.082,5.778,1533.91,121.04,47.14,88.42,0.5581,0.6838,0.6251,21.095,10.2816,6.7047,3.1463,404.36,388.46,702.25,1175.36,298.19,286.72,279.23,1.018,6.389,0.078
1.32838,-4553.2,-33270.8,518.98,-7.58,-1.46,479.26,9.063,-8.95,-1.415,50.9833,449.41,51,24,9,2,4.092,3.588,126.31,6.691,1.617,1.65,2658,144,23.659,12.143,7,20.211,9.6,5.259,29,31,41,52,8,20.64,14.08,12.033,10.227,1.529,17.805,10.337,7.214,4.972,0.718,521.32,9199.2,319.3,369.2,3324.6,7893.8,77.147,1.849,0.452,24.289,-0.122,4.037,25.286,479.29,401.74,1.119,5.924,2136.46,137.86,51.24,88.08,0.5385,0.5692,0.534,21.6586,11.8192,7.6157,2.8439,437.96,417.38,757.18,1265,1096.27,437.52,429.4,1.904,6.067,0.142
1.35218,-4301.4,-30287.7,411.18,-7.56,-1.45,457.41,8.197,3.433,6.948,47.4828,425.39,49,22,8,2,3.62,3.076,118.648,5.99,1.618,1.659,2208,136,21.703,10.684,5.99,18.8,8.603,4.601,27,29,39,50,8,19.225,13.101,11.27,9.674,1.541,17.073,9.739,6.866,4.858,0.735,490.26,7878.8,292.1,339.8,2852.2,6682,74.906,3.591,0.51,20.018,0.015,3.897,12.57,455.12,378.32,1.124,5.988,1268.54,117.03,49.75,101.78,0.5872,0.7427,0.5976,22.5104,8.8538,7.5663,2.9751,417.18,395.59,727.37,1206.38,399.34,358.01,348.95,0.707,8.255,0.094
1.71012,-5585.5,-38158.7,395.21,-7.63,-1.49,466.11,9.32,8.45,-3.88,46.6481,476.36,48,22,8,4,4.51,4.179,121.071,6.514,1.66,1.725,2835,152,24.639,11.744,7.536,21.107,9.258,5.704,30,32,44,53,11,21.562,14.364,13.27,10.036,2.661,17.376,9.962,6.885,4.52,0.697,568.43,9914.1,333.1,384,3531.6,8547.9,85.402,0,0.318,19.072,-0.33,2.078,12.672,467.76,392.04,1.215,5.241,2512.15,114.94,59.19,101.7,0.4518,0.548,0.6353,19.4181,13.1027,8.2437,2.3555,427.24,407.4,734.18,1234.27,450.37,394.09,380.58,1.277,11.941,0.295
1.46835,-4578.8,-31729.1,448.96,-7.67,-1.51,457.61,4.875,-1.405,4.661,47.6851,439.39,49,23,8,2,4.695,3.908,121.087,6.326,1.608,1.646,2447,140,22.68,11.408,6.498,19.49,9.088,4.928,28,30,40,51,8,19.933,13.58,11.702,9.866,1.542,17.198,9.988,6.998,4.865,0.711,505.75,8518.9,305.6,354.4,3095.2,7270.6,76.84,1.785,0.427,22.159,-0.134,3.654,12.497,457.08,386.14,1.138,6.115,1352.8,117.94,47.16,109.56,0.5964,0.6596,0.5741,22.9743,8.6067,8.3061,2.7659,420.86,400.23,731.38,1215.39,481.8,370.22,364.17,1.204,4.755,0.087
1.24551,-4989.3,-41450.2,405.69,-7.53,-1.46,512.4,4.686,0.513,3.214,54.3955,482.49,60,25,9,2,2.23,3.075,126.281,6.233,1.451,1.495,2905,164,24.135,10.951,5.239,21.317,9.064,4.148,31,34,48,67,12,21.847,15.097,13.103,11.574,1.999,19.799,11.915,8.525,6.528,1.032,632.16,11386.9,354.4,413.9,3715.5,9218.4,90.681,4.537,5.105,13.018,3.451,4.039,13.008,512.34,434.58,1.11,5.585,2353.46,130.81,64.79,99.16,0.5235,0.6156,0.5386,20.9058,11.9525,8.8059,2.3741,457.25,455.6,773.4,1329.72,780.9,414.08,357.49,47.574,8.436,0.578
1.34242,-4328.8,-32131.2,484.39,-7.52,-1.41,473.39,7.3,2.976,4.715,49.2438,436.42,51,23,8,1,4.562,4.209,125.179,6.223,1.682,1.721,2323,140,22.68,11.408,6.498,19.364,8.998,4.869,28,30,40,51,8,19.933,13.58,11.702,9.873,1.542,17.665,10.067,7.054,4.926,0.738,505.75,8546.1,305.6,354.4,3007.4,7290.1,76.455,4.157,0.471,21.628,-0.105,6.849,12.778,473.57,394.62,1.106,5.76,1717.88,112.53,48.75,113.81,0.4933,0.5297,0.6242,21.2603,10.731,8.5755,2.4792,430.74,416.52,741.02,1246.14,407.49,380.94,361.42,0.37,19.027,0.128
1.60531,-4486.1,-33190.8,370.18,-7.65,-1.51,486.71,8.425,5.107,1.594,48.143,441.43,54,23,9,2,4.132,3.163,122.593,6.747,1.493,1.523,2553,140,22.68,11.408,6.76,19.996,9.447,5.387,28,30,40,50,8,19.933,13.563,11.774,9.901,1.61,17.824,10.738,7.894,5.68,0.846,505.75,8512.7,305.6,354.4,3144.6,7264,80.511,1.922,4.083,16.081,0.407,4.227,24.339,487.39,399.57,1.105,5.958,1459.71,123.3,55.49,99.08,0.5454,0.6923,0.5956,21.6605,10.4362,7.6799,2.8204,434.97,420.56,753.02,1263.19,412.13,379.53,348.46,21.05,9.466,0.559
1.48287,-4388,-33165.7,305.54,-7.68,-1.37,484.45,3.869,1.795,1.122,46.9429,431.44,55,22,10,2,5.291,4.556,120.222,7.74,1.835,1.883,2336,130,23.281,11.87,8.1,20.847,10.025,6.646,27,28,37,43,8,19.811,12.884,11.46,8.766,1.904,18.126,10.048,7.87,4.933,1.243,459.5,7258.9,284.9,325.2,2910.1,6677.5,81.261,7.964,1.569,16.252,0.649,4.331,12.483,485.9,398.05,1.084,5.353,2117.51,105.49,69.2,91.52,0.4433,0.6785,0.6601,17.9871,13.2307,7.7081,2.3335,434.85,417.49,750.84,1257.78,313.67,309.44,293.42,2.35,13.519,0.156
1.78176,-5028.9,-36977.7,486.25,-7.63,-1.24,510.86,8.088,-7.28,1.589,52.5926,479.44,55,25,10,3,4.922,4.31,132.006,7.462,1.575,1.617,3268,154,25.62,13.032,7.775,22.123,10.456,5.964,31,33,44,55,9,22.217,14.974,12.994,10.963,1.818,19.136,10.747,7.852,5.494,0.935,568.43,10615,346.9,398.9,3898.7,9200.3,85.084,3.422,0.422,24.112,0.44,3.885,25.385,512.62,428.34,1.119,6.621,1970.01,138.1,57.32,109.51,0.5098,0.6959,0.6083,24.333,11.1326,7.3984,3.289,465.13,445.16,799,1342.31,1138.66,448.43,440.91,1.136,6.282,0.104
1.62941,-4777,-34370.2,379.41,-7.59,-1.39,489.96,6.763,5.763,-3.538,49.4904,455.42,53,23,9,3,4.45,3.798,124.344,6.751,1.571,1.62,2750,146,23.659,11.571,6.738,20.708,9.454,5.281,29,31,42,53,9,20.803,13.995,12.23,10.41,1.829,18.404,10.149,7.503,5.381,0.952,536.95,9183.8,319.3,369.2,3380.2,7879.3,82.744,5.174,0.479,19.851,0.604,3.754,12.637,489.81,405.43,1.123,6.317,1490.33,114.85,52.73,116.72,0.4579,0.6843,0.6635,23.9302,10.4826,7.3508,3.2554,444.53,424.09,770.09,1283.25,408.32,379.86,358.23,0.621,20.889,0.123
1.45484,-6060.9,-42057.6,366.46,-7.63,-1.39,502.43,11.127,4.714,4.725,49.4303,506.39,52,23,9,5,5.34,4.901,126.766,7.27,1.618,1.689,3468,162,26.602,12.63,8.323,23.022,10.105,6.423,32,34,47,56,12,23.14,15.257,14.23,10.772,2.95,18.707,10.371,7.523,5.043,0.914,616.13,11385.9,360.8,413.9,4126.6,9909.9,94.433,1.544,0.288,18.893,0.191,1.912,12.739,501.53,419.81,1.206,5.861,2743.71,130.85,62.04,101.37,0.4502,0.6169,0.6311,21.5464,13.4907,7.455,2.8902,459.46,439.91,786.39,1324.97,458.25,415.98,392.17,1.006,22.455,0.352
1.64738,-5054.7,-37703.5,410.72,-7.77,-1.31,493.86,2.385,-1.536,1.624,50.8633,469.42,53,24,9,3,5.524,4.63,126.783,7.092,1.564,1.611,3026,150,24.639,12.296,7.259,21.4,9.941,5.62,30,32,43,54,9,21.51,14.474,12.662,10.602,1.83,18.528,10.398,7.636,5.388,0.927,552.66,9879.1,333.1,384,3645.8,8522.2,85.499,3.351,0.396,21.987,0.428,3.494,12.564,492.62,413.11,1.136,5.197,2363.65,106.7,87.03,85.38,0.4845,0.6864,0.6567,15.0274,14.6543,8.6519,1.7369,450.08,431.06,774.14,1298.8,429.14,384.99,375.35,0.688,8.886,0.061
1.83378,-5464.9,-45266.7,372.21,-7.45,-1.42,551.04,4.956,-0.254,-0.862,56.3253,512.51,64,26,10,3,3.123,3.774,143.067,6.957,1.396,1.445,3561,174,26.074,11.823,5.878,23.207,9.893,4.724,33,36,51,70,13,23.424,15.991,14.064,12.31,2.288,21.13,12.324,9.163,7.051,1.249,680.59,12968,382.5,444.2,4334.1,10633.6,98.699,5.865,3.951,14.353,2.958,5.686,13.007,548.29,462.37,1.108,6.259,2183.65,129.91,65.51,120.66,0.5909,0.7007,0.5395,22.9319,9.5865,9.7527,2.3921,490.21,484.94,828.69,1422.92,676.62,406.43,346.11,46.723,12.698,0.893
1.45637,-4803.4,-36223.6,474.44,-7.64,-1.36,490.85,1.838,1.664,0.724,52.548,466.44,55,24,9,2,5.392,4.931,130.875,6.986,1.634,1.681,2882,150,24.639,12.296,7.259,21.273,9.852,5.559,30,32,43,54,9,21.51,14.474,12.662,10.609,1.83,18.996,10.477,7.692,5.448,0.955,552.66,9906.1,333.1,384,3553.4,8541.7,85.084,5.741,0.44,21.454,0.479,6.675,12.845,490.53,417.71,1.117,6.126,1639.45,142.8,60.57,88.1,0.5642,0.6279,0.4733,22.1012,11.4528,8.4227,2.624,453.79,432.24,776.17,1305.3,1086.62,390.27,377.81,1.409,10.938,0.11
1.78032,-4961.6,-36948.7,338.76,-7.76,-1.42,521.78,6.245,4.89,1.427,50.8503,471.46,58,24,10,3,4.961,3.885,128.289,7.524,1.466,1.505,3144,150,24.639,12.296,7.536,21.908,10.303,6.103,30,32,43,53,9,21.51,14.457,12.734,10.637,1.898,19.155,11.148,8.532,6.202,1.063,552.66,9873.7,333.1,384,3694.6,8516.2,88.363,3.506,4.026,15.921,0.987,4.083,24.43,520.95,426.83,1.105,6.538,1788.45,115.94,58.04,126.19,0.4435,0.6191,0.5989,24.2368,10.785,8.6931,2.7881,465.57,448.9,801.91,1348.95,415.49,395.31,362.16,21.574,11.195,0.391
